{"cameraMode":{"drawMode":0,"name":"Shaded","section":"Shading Mode"},"sceneLighting":false,"audioPlay":false,"sceneViewState":{"showFog":true,"showMaterialUpdate":true,"showSkybox":true,"showFlares":true,"showImageEffects":true,"showParticleSystems":true},"in2DMode":false,"pivot":{"x":-0.8494724035263062,"y":0.10724928975105286,"z":-1.4943784475326539},"rotation":{"x":0.0694892555475235,"y":-0.8712660670280457,"z":0.12928353250026704,"w":0.4683508276939392},"size":7.71375036239624,"orthographic":false}