{"cameraMode":{"drawMode":0,"name":"Shaded","section":"Shading Mode"},"sceneLighting":true,"audioPlay":false,"sceneViewState":{"showFog":true,"showMaterialUpdate":true,"showSkybox":true,"showFlares":true,"showImageEffects":true,"showParticleSystems":true},"in2DMode":false,"pivot":{"x":10.64820384979248,"y":2.823322057723999,"z":1.4057618379592896},"rotation":{"x":0.1251327246427536,"y":0.8352214694023132,"z":-0.21264775097370149,"w":0.4914548099040985},"size":2.6344797611236574,"orthographic":false}