{"cameraMode":{"drawMode":0,"name":"Shaded","section":"Shading Mode"},"sceneLighting":false,"audioPlay":false,"sceneViewState":{"showFog":true,"showMaterialUpdate":true,"showSkybox":true,"showFlares":true,"showImageEffects":true,"showParticleSystems":true},"in2DMode":false,"pivot":{"x":6.423579216003418,"y":0.47317373752593996,"z":2.7249488830566408},"rotation":{"x":0.33950746059417727,"y":0.37313202023506167,"z":-0.14894388616085053,"w":0.8504839539527893},"size":1.699851632118225,"orthographic":false}