{"cameraMode":{"drawMode":0,"name":"Shaded","section":"Shading Mode"},"sceneLighting":false,"audioPlay":false,"sceneViewState":{"showFog":true,"showMaterialUpdate":true,"showSkybox":true,"showFlares":true,"showImageEffects":true,"showParticleSystems":true},"in2DMode":false,"pivot":{"x":1.7635232210159302,"y":0.9510681629180908,"z":-3.8162708282470705},"rotation":{"x":0.19558680057525636,"y":-0.6900289058685303,"z":0.20239190757274629,"w":0.6668158769607544},"size":3.877352714538574,"orthographic":false}