{"cameraMode":{"drawMode":0,"name":"Shaded","section":"Shading Mode"},"sceneLighting":false,"audioPlay":false,"sceneViewState":{"showFog":true,"showMaterialUpdate":true,"showSkybox":true,"showFlares":true,"showImageEffects":true,"showParticleSystems":true},"in2DMode":false,"pivot":{"x":3.3907363414764406,"y":1.051073670387268,"z":2.3212332725524904},"rotation":{"x":0.12689551711082459,"y":0.6713070869445801,"z":-0.11821512877941132,"w":0.7206036448478699},"size":0.03181328624486923,"orthographic":false}