{"cameraMode":{"drawMode":0,"name":"Shaded","section":"Shading Mode"},"sceneLighting":false,"audioPlay":false,"sceneViewState":{"showFog":true,"showMaterialUpdate":true,"showSkybox":true,"showFlares":true,"showImageEffects":true,"showParticleSystems":true},"in2DMode":false,"pivot":{"x":3.3907363414764406,"y":1.051073670387268,"z":2.3212332725524904},"rotation":{"x":-0.010627501644194126,"y":-0.9555001854896545,"z":0.2927539050579071,"w":-0.034664466977119449},"size":0.03181328624486923,"orthographic":false}